MEE140,1,0,0,존중과배려,프라임 차한잔,ME,E1,40,/bbs/list.asp?major=ME&minor=E1&master_id=40,0
MEE1179,1,0,0,존중과배려,해외 구매,ME,E1,179,/bbs/list.asp?major=ME&minor=E1&master_id=179,0
MEE1172,1,0,1,존중과배려,시사/정치/종교,ME,E1,172,/bbs/list.asp?major=ME&minor=E1&master_id=172,0
MEE1173,1,0,2,존중과배려,분노게시판,ME,E1,173,/bbs/list.asp?major=ME&minor=E1&master_id=173,0
MEE1163,1,0,3,존중과배려,못 웃기면 맞는다,ME,E1,163,/bbs/list.asp?major=ME&minor=E1&master_id=163,0
MEE1193,1,0,4,존중과배려,연예뉴스,ME,E1,193,/bbs/list.asp?major=ME&minor=E1&master_id=193,0
MEE1195,1,0,5,존중과배려,맛집/요리(봄다방),ME,E1,195,/bbs/list.asp?major=ME&minor=E1&master_id=195,0
MEE1175,1,0,6,존중과배려,English/日本語,ME,E1,175,/bbs/list.asp?major=ME&minor=E1&master_id=175,0
MEE150,1,0,7,존중과배려,DP 친목/오프모임,ME,E1,50,/bbs/list.asp?major=ME&minor=E1&master_id=50,0
MEE1127,1,0,8,존중과배려,어른들이야기,ME,E1,127,/bbs/list.asp?major=ME&minor=E1&master_id=127,1
MEE1180,1,1,9,취미,프라임 그늘집,ME,E1,180,/bbs/list.asp?major=ME&minor=E1&master_id=180,0
MEE141,1,1,10,취미,카메라 그리고 사진,ME,E1,41,/bbs/list.asp?major=ME&minor=E1&master_id=41,0
MEE1205,1,1,11,취미,노래/악기연주/밴드!,ME,E1,205,/bbs/list.asp?major=ME&minor=E1&master_id=205,0
MEE1182,1,1,12,취미,여행을 떠나요,ME,E1,182,/bbs/list.asp?major=ME&minor=E1&master_id=182,0
MEE1149,1,1,13,취미,책 이야기,ME,E1,149,/bbs/list.asp?major=ME&minor=E1&master_id=149,0
MEE1185,1,1,14,취미,클럽 RPM,ME,E1,185,/bbs/list.asp?major=ME&minor=E1&master_id=185,0
MEE1142,1,1,15,취미,All That Game,ME,E1,142,/bbs/list.asp?major=ME&minor=E1&master_id=142,0
MEE1196,1,1,16,취미,조립식 프라임,ME,E1,196,/bbs/list.asp?major=ME&minor=E1&master_id=196,0
MEE1164,1,1,17,취미,아웃도어 스포츠,ME,E1,164,/bbs/list.asp?major=ME&minor=E1&master_id=164,0
MEE3194,1,2,18,중고 장터,블루레이/HD dvd,ME,E3,194,/bbs/list.asp?major=ME&minor=E3&master_id=194,0
MEE351,1,2,19,중고 장터,DVD타이틀,ME,E3,51,/bbs/list.asp?major=ME&minor=E3&master_id=51,0
MEE353,1,2,20,중고 장터,프로젝터/홈씨어터,ME,E3,53,/bbs/list.asp?major=ME&minor=E3&master_id=53,0
MEE357,1,2,21,중고 장터,그냥 드립니다,ME,E3,57,/bbs/list.asp?major=ME&minor=E3&master_id=57,0
MEE354,1,2,22,중고 장터,기타 - 소프트웨어,ME,E3,54,/bbs/list.asp?major=ME&minor=E3&master_id=54,0
MEE355,1,2,23,중고 장터,기타 - 하드웨어,ME,E3,55,/bbs/list.asp?major=ME&minor=E3&master_id=55,0
MEE356,1,2,24,중고 장터,업체홍보 게시판,ME,E3,56,/bbs/list.asp?major=ME&minor=E3&master_id=56,0
MEE271,1,3,25,친목 모임,서울,ME,E2,71,/bbs/list.asp?major=ME&minor=E2&master_id=71,0
MEE272,1,3,26,친목 모임,대전,ME,E2,72,/bbs/list.asp?major=ME&minor=E2&master_id=72,0
MEE275,1,3,27,친목 모임,부산,ME,E2,75,/bbs/list.asp?major=ME&minor=E2&master_id=75,0
MEE276,1,3,28,친목 모임,인천-부천,ME,E2,76,/bbs/list.asp?major=ME&minor=E2&master_id=76,0
MEE277,1,3,29,친목 모임,일산-화정,ME,E2,77,/bbs/list.asp?major=ME&minor=E2&master_id=77,0
MEE278,1,3,30,친목 모임,성남-용인,ME,E2,78,/bbs/list.asp?major=ME&minor=E2&master_id=78,0
MEE279,1,3,31,친목 모임,안산-안양,ME,E2,79,/bbs/list.asp?major=ME&minor=E2&master_id=79,0
MEE1207,1,4,32,전문 모임,소시당,ME,E1,207,/bbs/list.asp?major=ME&minor=E1&master_id=207,0
MEE282,1,4,33,전문 모임,DASA,ME,E2,82,/bbs/list.asp?major=ME&minor=E2&master_id=82,0
MEE2186,1,4,34,전문 모임,새마을,ME,E2,186,/bbs/list.asp?major=ME&minor=E2&master_id=186,1
MEM2215,1,4,35,전문 모임,처음처럼,ME,M2,215,/bbs/list.asp?major=ME&minor=M2&master_id=215,0
MEME197,1,4,36,전문 모임,나마스테 볼리우드,ME,ME,197,/bbs/list.asp?major=ME&minor=ME&master_id=197,0
MEE2109,1,4,37,전문 모임,대구 AV,ME,E2,109,/bbs/list.asp?major=ME&minor=E2&master_id=109,0
MEE283,1,4,38,전문 모임,다독다독,ME,E2,83,/bbs/list.asp?major=ME&minor=E2&master_id=83,0
MDD2214,2,0,0,하드웨어 포럼 & 갤러리,3D 포럼,MD,D2,214,/bbs/list.asp?major=MD&minor=D2&master_id=214,0
MDD230,2,0,1,하드웨어 포럼 & 갤러리,프로젝터/홈씨어터,MD,D2,30,/bbs/list.asp?major=MD&minor=D2&master_id=30,0
MDD231,2,0,2,하드웨어 포럼 & 갤러리,디지털 TV,MD,D2,31,/bbs/list.asp?major=MD&minor=D2&master_id=31,0
MDD228,2,0,3,하드웨어 포럼 & 갤러리,AV앰프/스피커,MD,D2,28,/bbs/list.asp?major=MD&minor=D2&master_id=28,0
MDD2147,2,0,4,하드웨어 포럼 & 갤러리,쿠르베 스피커,MD,D2,147,/bbs/list.asp?major=MD&minor=D2&master_id=147,0
MDD229,2,0,5,하드웨어 포럼 & 갤러리,플레이어,MD,D2,29,/bbs/list.asp?major=MD&minor=D2&master_id=29,0
MDD2146,2,0,6,하드웨어 포럼 & 갤러리,XBOX360/PS3,MD,D2,146,/bbs/list.asp?major=MD&minor=D2&master_id=146,0
MDD233,2,0,7,하드웨어 포럼 & 갤러리,홈시어터PC,MD,D2,33,/bbs/list.asp?major=MD&minor=D2&master_id=33,0
MDD2190,2,1,8,갤러리,나의 홈시어터,MD,D2,190,/bbs/list.asp?major=MD&minor=D2&master_id=190,0
MDD236,2,1,9,갤러리,나의 애장품,MD,D2,36,/bbs/list.asp?major=MD&minor=D2&master_id=36,0
MDD120,3,0,0,소프트포럼,DVD 포럼,MD,D1,20,/bbs/list.asp?major=MD&minor=D1&master_id=20,0
MDD122,3,0,1,소프트포럼,영화 이야기,MD,D1,22,/bbs/list.asp?major=MD&minor=D1&master_id=22,0
MDD1208,3,0,2,소프트포럼,재개봉관,MD,D1,208,/bbs/list.asp?major=MD&minor=D1&master_id=208,1
MDD123,3,0,3,소프트포럼,극장 이야기,MD,D1,23,/bbs/list.asp?major=MD&minor=D1&master_id=23,0
MDD1145,3,0,4,소프트포럼,TV/드라마 이야기,MD,D1,145,/bbs/list.asp?major=MD&minor=D1&master_id=145,0
MDD124,3,0,5,소프트포럼,애니메이션,MD,D1,24,/bbs/list.asp?major=MD&minor=D1&master_id=24,0
MDD1110,3,0,6,소프트포럼,뮤직 이야기,MD,D1,110,/bbs/list.asp?major=MD&minor=D1&master_id=110,0
MDD127,3,1,7,갤러리,오픈 케이스,MD,D1,27,/bbs/list.asp?major=MD&minor=D1&master_id=27,0
MDD1188,3,1,8,갤러리,피규어/사인판,MD,D1,188,/bbs/list.asp?major=MD&minor=D1&master_id=188,0
MDD4156,4,0,0,블루레이,블루레이 플레이어,MD,D4,156,/bbs/list.asp?major=MD&minor=D4&master_id=156,0
MDD4157,4,0,1,블루레이,블루레이 이야기,MD,D4,157,/bbs/list.asp?major=MD&minor=D4&master_id=157,0
MDD4299,4,0,2,블루레이,HD-DVD,MD,D4,299,/bbs/list.asp?major=MD&minor=D4&master_id=299,0
MDD4158,4,1,3,갤러리,블루레이 시스템,MD,D4,158,/bbs/list.asp?major=MD&minor=D4&master_id=158,0
MDD4191,4,1,4,갤러리,BD 오픈 케이스,MD,D4,191,/bbs/list.asp?major=MD&minor=D4&master_id=191,0
MDD7210,5,0,0,스마트폰,스마트폰 포럼,MD,D7,210,/bbs/list.asp?major=MD&minor=D7&master_id=210,0
MDD7213,5,0,1,스마트폰,개발 포럼,MD,D7,213,/bbs/list.asp?major=MD&minor=D7&master_id=213,0
MDD7178,5,0,2,스마트폰,아이폰 포럼,MD,D7,178,/bbs/list.asp?major=MD&minor=D7&master_id=178,0
MDD7211,5,0,3,스마트폰,갤러리,MD,D7,211,/bbs/list.asp?major=MD&minor=D7&master_id=211,0